Local time,Open,High,Low,Close,Volume
31.12.2003 17:00:00.000 GMT-0500,1.25931,1.28971,1.23337,1.24747,23952299.4907
31.01.2004 17:00:00.000 GMT-0500,1.24696,1.29253,1.23732,1.24913,22555978.367600024
29.02.2004 17:00:00.000 GMT-0500,1.24836,1.25413,1.20556,1.23140,25837737.864299994
31.03.2004 17:00:00.000 GMT-0500,1.23146,1.23874,1.17583,1.19800,24838925.49740001
30.04.2004 16:00:00.000 GMT-0500,1.19840,1.22969,1.17718,1.21884,23587723.205900013
31.05.2004 16:00:00.000 GMT-0500,1.21894,1.23510,1.19526,1.21958,24889229.285499997
30.06.2004 16:00:00.000 GMT-0500,1.22008,1.24620,1.19923,1.20195,24743150.789899997
31.07.2004 16:00:00.000 GMT-0500,1.20239,1.23862,1.19709,1.21834,24711528.7818
31.08.2004 16:00:00.000 GMT-0500,1.21855,1.24437,1.20256,1.24350,24536006.09020002
30.09.2004 16:00:00.000 GMT-0500,1.24400,1.28416,1.22267,1.27972,23450972.309700035
31.10.2004 17:00:00.000 GMT-0500,1.28013,1.33311,1.26585,1.32781,24292137.6782
30.11.2004 17:00:00.000 GMT-0500,1.32796,1.36653,1.31404,1.35537,25103887.381700005
31.12.2004 17:00:00.000 GMT-0500,1.35480,1.35797,1.29217,1.30369,22693164.361499995
31.01.2005 17:00:00.000 GMT-0500,1.30373,1.32792,1.27318,1.32253,22015194.28750002
28.02.2005 17:00:00.000 GMT-0500,1.32272,1.34777,1.28554,1.29631,25457245.713500015
31.03.2005 17:00:00.000 GMT-0500,1.29605,1.31216,1.27687,1.28715,23589002.74460001
30.04.2005 16:00:00.000 GMT-0500,1.28698,1.29890,1.22902,1.23005,24560929.72900001
31.05.2005 16:00:00.000 GMT-0500,1.23004,1.23524,1.19871,1.21033,24357869.546000004
30.06.2005 16:00:00.000 GMT-0500,1.21073,1.22563,1.18674,1.21190,23279616.67220001
31.07.2005 16:00:00.000 GMT-0500,1.21219,1.24860,1.21157,1.23401,25560338.636700045
31.08.2005 16:00:00.000 GMT-0500,1.23391,1.25888,1.19793,1.20266,24294670.025399987
30.09.2005 16:00:00.000 GMT-0500,1.20622,1.22042,1.18753,1.19911,22989384.251199987
31.10.2005 17:00:00.000 GMT-0500,1.19910,1.20835,1.16418,1.17868,23982173.453800008
30.11.2005 17:00:00.000 GMT-0500,1.17872,1.20601,1.16633,1.18465,23813779.633099988
31.12.2005 17:00:00.000 GMT-0500,1.18452,1.23218,1.18106,1.21550,23841826.05100002
31.01.2006 17:00:00.000 GMT-0500,1.21555,1.21631,1.18264,1.19228,21597503.688200008
28.02.2006 17:00:00.000 GMT-0500,1.19209,1.22073,1.18607,1.21158,24838895.097200032
31.03.2006 17:00:00.000 GMT-0500,1.21145,1.26402,1.20342,1.26350,21631926.2118
30.04.2006 16:00:00.000 GMT-0500,1.26290,1.29708,1.25558,1.28090,32678349.692500032
31.05.2006 16:00:00.000 GMT-0500,1.28096,1.29781,1.24789,1.27925,36071694.26740005
30.06.2006 16:00:00.000 GMT-0500,1.27869,1.28586,1.24459,1.27656,34423396.47120003
31.07.2006 16:00:00.000 GMT-0500,1.27676,1.29386,1.26897,1.28121,37696986.87580007
31.08.2006 16:00:00.000 GMT-0500,1.28106,1.28755,1.26272,1.26735,35066896.693700016
30.09.2006 16:00:00.000 GMT-0500,1.26790,1.27818,1.24841,1.27613,36729511.0293
31.10.2006 17:00:00.000 GMT-0500,1.27614,1.32745,1.26837,1.32406,36570127.92790001
30.11.2006 17:00:00.000 GMT-0500,1.32414,1.33663,1.30541,1.31946,35144937.06400003
31.12.2006 17:00:00.000 GMT-0500,1.31953,1.32965,1.28678,1.30314,38345122.48690003
31.01.2007 17:00:00.000 GMT-0500,1.30316,1.32588,1.29113,1.32281,33356534.90410003
28.02.2007 17:00:00.000 GMT-0500,1.32290,1.34104,1.30734,1.33560,33453174.594200034
31.03.2007 16:00:00.000 GMT-0500,1.33740,1.36830,1.33189,1.36478,18862793.2067
30.04.2007 16:00:00.000 GMT-0500,1.36471,1.36727,1.34095,1.34528,11390641.598599996
31.05.2007 16:00:00.000 GMT-0500,1.34525,1.35525,1.32641,1.35407,10148007.581199992
30.06.2007 16:00:00.000 GMT-0500,1.35368,1.38529,1.35278,1.36842,12423158.485999994
31.07.2007 16:00:00.000 GMT-0500,1.36833,1.38411,1.33621,1.36275,17571587.872700006
31.08.2007 16:00:00.000 GMT-0500,1.36290,1.42782,1.35492,1.42680,15328942.426000005
30.09.2007 16:00:00.000 GMT-0500,1.42753,1.45042,1.40109,1.44856,17550847.06600003
31.10.2007 16:00:00.000 GMT-0500,1.44874,1.49665,1.44005,1.46343,16858670.505799994
30.11.2007 17:00:00.000 GMT-0500,1.46384,1.47721,1.43091,1.45892,16020942.443900006
31.12.2007 17:00:00.000 GMT-0500,1.45903,1.49225,1.43626,1.48603,17688697.23430001
31.01.2008 17:00:00.000 GMT-0500,1.48600,1.52393,1.44390,1.51792,16097941.5485
29.02.2008 17:00:00.000 GMT-0500,1.51952,1.59056,1.51435,1.57878,16079296.138400007
31.03.2008 16:00:00.000 GMT-0500,1.57874,1.60194,1.55082,1.56197,16831412.491499994
30.04.2008 16:00:00.000 GMT-0500,1.56230,1.58192,1.52855,1.55509,16769151.28580001
31.05.2008 16:00:00.000 GMT-0500,1.55522,1.58439,1.53008,1.57552,16088610.182899999
30.06.2008 16:00:00.000 GMT-0500,1.57559,1.60403,1.55197,1.56019,17638905.124100007
31.07.2008 16:00:00.000 GMT-0500,1.56032,1.56316,1.45665,1.46738,16272452.918200007
31.08.2008 16:00:00.000 GMT-0500,1.46778,1.48655,1.38788,1.40920,17975860.6679
30.09.2008 16:00:00.000 GMT-0500,1.40901,1.41750,1.23310,1.27300,13009249.737300003
31.10.2008 16:00:00.000 GMT-0500,1.27485,1.31160,1.23895,1.26930,15893678.272900023
30.11.2008 17:00:00.000 GMT-0500,1.27103,1.46960,1.25500,1.39718,14169716.172300007
31.12.2008 17:00:00.000 GMT-0500,1.39721,1.40734,1.27645,1.28150,14780650.303999992
31.01.2009 17:00:00.000 GMT-0500,1.27682,1.30930,1.25140,1.26715,17980779.575799987
28.02.2009 17:00:00.000 GMT-0500,1.26340,1.37390,1.24575,1.32505,21820160.030399986
31.03.2009 16:00:00.000 GMT-0500,1.32510,1.35845,1.28865,1.32305,14669450.135399988
30.04.2009 16:00:00.000 GMT-0500,1.32310,1.41690,1.32130,1.41590,13887020.703999994
31.05.2009 16:00:00.000 GMT-0500,1.41463,1.43400,1.37498,1.41002,14052082.992200006
30.06.2009 16:00:00.000 GMT-0500,1.41002,1.43036,1.38302,1.42565,1834431.301200001
31.07.2009 16:00:00.000 GMT-0500,1.42543,1.44478,1.40448,1.43327,1661853.698000002
31.08.2009 16:00:00.000 GMT-0500,1.43315,1.48433,1.41752,1.46376,1748840.896699999
30.09.2009 16:00:00.000 GMT-0500,1.46412,1.50610,1.44800,1.47189,1753719.7018000004
31.10.2009 16:00:00.000 GMT-0500,1.47159,1.51455,1.46243,1.50048,1681957.2103999981
30.11.2009 17:00:00.000 GMT-0500,1.50035,1.51410,1.42157,1.43222,1868095.6997000005
31.12.2009 17:00:00.000 GMT-0500,1.43224,1.45800,1.38602,1.38621,1728741.3003000028
31.01.2010 17:00:00.000 GMT-0500,1.38628,1.40257,1.34442,1.36296,1670338.1005999995
28.02.2010 17:00:00.000 GMT-0500,1.36227,1.38179,1.32670,1.35087,1904014.2990000008
31.03.2010 16:00:00.000 GMT-0500,1.35086,1.36915,1.31124,1.32936,1811991.199800001
30.04.2010 16:00:00.000 GMT-0500,1.32982,1.33598,1.21439,1.23052,1724006.9008000006
31.05.2010 16:00:00.000 GMT-0500,1.23038,1.24673,1.18758,1.22363,1818021.5020000015
30.06.2010 16:00:00.000 GMT-0500,1.22351,1.31050,1.21929,1.30496,1802410.102299999
31.07.2010 16:00:00.000 GMT-0500,1.30545,1.33345,1.25843,1.26792,1800210.099700001
31.08.2010 16:00:00.000 GMT-0500,1.26774,1.36843,1.26435,1.36343,1797933.1985000004
30.09.2010 16:00:00.000 GMT-0500,1.36332,1.41571,1.36163,1.39463,1738705.499999999
31.10.2010 16:00:00.000 GMT-0500,1.39516,1.42825,1.29695,1.29836,2037472.8978000009
30.11.2010 17:00:00.000 GMT-0500,1.29836,1.34988,1.29717,1.33864,3698030.3723000004
31.12.2010 17:00:00.000 GMT-0500,1.33466,1.37579,1.28747,1.36950,3828721.4779000026
31.01.2011 17:00:00.000 GMT-0500,1.36947,1.38621,1.34290,1.38071,3766670.649200001
28.02.2011 17:00:00.000 GMT-0500,1.38071,1.42489,1.37441,1.41589,4273921.120500008
31.03.2011 16:00:00.000 GMT-0500,1.41592,1.48803,1.40626,1.48087,3651250.263200002
30.04.2011 16:00:00.000 GMT-0500,1.48144,1.49405,1.39701,1.43981,5268943.603300006
31.05.2011 16:00:00.000 GMT-0500,1.43981,1.46970,1.40740,1.45033,4914579.887599996
30.06.2011 16:00:00.000 GMT-0500,1.45027,1.45788,1.38377,1.43968,5141329.417900001
31.07.2011 16:00:00.000 GMT-0500,1.43857,1.45492,1.40565,1.43731,6329766.529899998
31.08.2011 16:00:00.000 GMT-0500,1.43729,1.43849,1.33660,1.33901,5767904.473500001
30.09.2011 16:00:00.000 GMT-0500,1.33447,1.42473,1.31489,1.38582,5713342.749200005
31.10.2011 16:00:00.000 GMT-0500,1.38582,1.38718,1.32137,1.34465,5660586.884900001
30.11.2011 17:00:00.000 GMT-0500,1.34465,1.35370,1.28590,1.29618,4682564.131100005
31.12.2011 17:00:00.000 GMT-0500,1.29390,1.32319,1.26270,1.30840,5820733.971099995
31.01.2012 17:00:00.000 GMT-0500,1.30841,1.34869,1.29761,1.33247,5300010.975100003
29.02.2012 17:00:00.000 GMT-0500,1.33247,1.33853,1.30046,1.33433,4699048.202500001
31.03.2012 16:00:00.000 GMT-0500,1.33602,1.33810,1.29967,1.32396,4241162.435199998
30.04.2012 16:00:00.000 GMT-0500,1.32396,1.32839,1.23372,1.23662,5566010.945600006
31.05.2012 16:00:00.000 GMT-0500,1.23662,1.27487,1.22920,1.26634,5207929.775599996
30.06.2012 16:00:00.000 GMT-0500,1.26771,1.26805,1.20425,1.23038,4743741.463599997
31.07.2012 16:00:00.000 GMT-0500,1.23038,1.26385,1.21347,1.25782,4022435.221499998
31.08.2012 16:00:00.000 GMT-0500,1.25693,1.31703,1.25024,1.28598,3604948.043399998
30.09.2012 16:00:00.000 GMT-0500,1.28468,1.31392,1.28044,1.29604,3809384.4217999983
31.10.2012 16:00:00.000 GMT-0500,1.29603,1.30280,1.26620,1.29869,3556560.0184000023
30.11.2012 17:00:00.000 GMT-0500,1.29827,1.33088,1.28800,1.31946,2809265.5266000014
31.12.2012 17:00:00.000 GMT-0500,1.31947,1.35932,1.29982,1.35783,3709026.311399999
31.01.2013 17:00:00.000 GMT-0500,1.35777,1.37112,1.30188,1.30567,3505091.2237000004
28.02.2013 17:00:00.000 GMT-0500,1.30568,1.31347,1.27542,1.28194,4211561.761700002
31.03.2013 16:00:00.000 GMT-0500,1.28079,1.32020,1.27473,1.31690,5024934.257900001
30.04.2013 16:00:00.000 GMT-0500,1.31688,1.32429,1.27968,1.29956,4851050.166800003
31.05.2013 16:00:00.000 GMT-0500,1.29959,1.34170,1.29557,1.30099,4741393.075299995
30.06.2013 16:00:00.000 GMT-0500,1.30163,1.33451,1.27556,1.33033,4851112.418799999
31.07.2013 16:00:00.000 GMT-0500,1.33036,1.34526,1.31741,1.32211,4119211.974500001
31.08.2013 16:00:00.000 GMT-0500,1.32175,1.35690,1.31049,1.35260,3644036.2407000014
30.09.2013 16:00:00.000 GMT-0500,1.35269,1.38330,1.34739,1.35838,5707143.265200005
31.10.2013 16:00:00.000 GMT-0500,1.35839,1.36224,1.32956,1.35917,4468086.385899998
30.11.2013 17:00:00.000 GMT-0500,1.35906,1.38940,1.35245,1.37466,3865894.3696999983
31.12.2013 17:00:00.000 GMT-0500,1.37470,1.37755,1.34793,1.34898,4400509.417400003
31.01.2014 17:00:00.000 GMT-0500,1.34844,1.38250,1.34774,1.38037,3452354.953299999
28.02.2014 17:00:00.000 GMT-0500,1.37620,1.39670,1.37051,1.37695,2958697.569099997
31.03.2014 16:00:00.000 GMT-0500,1.37695,1.39059,1.36730,1.38674,2685876.3104000003
30.04.2014 16:00:00.000 GMT-0500,1.38679,1.39936,1.35865,1.36351,3700660.7192000025
31.05.2014 16:00:00.000 GMT-0500,1.36382,1.36980,1.35032,1.36924,4599070.068199993
30.06.2014 16:00:00.000 GMT-0500,1.36927,1.37007,1.33670,1.33907,4380750.603000002
31.07.2014 16:00:00.000 GMT-0500,1.33909,1.34449,1.31330,1.31331,2922352.2315999996
31.08.2014 16:00:00.000 GMT-0500,1.31299,1.31602,1.25713,1.26308,4054416.751700001
30.09.2014 16:00:00.000 GMT-0500,1.26309,1.28871,1.24862,1.25271,4682573.327199999
31.10.2014 16:00:00.000 GMT-0500,1.25099,1.25995,1.23583,1.24543,3810877.8987
30.11.2014 17:00:00.000 GMT-0500,1.24640,1.25700,1.20971,1.20998,3359324.6163000003
31.12.2014 17:00:00.000 GMT-0500,1.20996,1.21082,1.10983,1.12898,3826741.494199998
31.01.2015 17:00:00.000 GMT-0500,1.13145,1.15341,1.11760,1.11994,3078178.095299998
28.02.2015 17:00:00.000 GMT-0500,1.11826,1.12407,1.04626,1.07320,4388700.908799998
31.03.2015 16:00:00.000 GMT-0500,1.07323,1.12663,1.05207,1.12249,4559900.418000002
30.04.2015 16:00:00.000 GMT-0500,1.12252,1.14672,1.08194,1.09919,4683076.091500004
31.05.2015 16:00:00.000 GMT-0500,1.09815,1.14366,1.08874,1.11510,4838829.695800006
30.06.2015 16:00:00.000 GMT-0500,1.11523,1.12164,1.08090,1.09861,4359452.049499997
31.07.2015 16:00:00.000 GMT-0500,1.09751,1.17146,1.08483,1.12118,4156083.5020999983
31.08.2015 16:00:00.000 GMT-0500,1.12117,1.14602,1.10875,1.11770,4444836.739699995
30.09.2015 16:00:00.000 GMT-0500,1.11769,1.14952,1.08972,1.10087,4250054.061599997
31.10.2015 16:00:00.000 GMT-0500,1.10365,1.10528,1.05581,1.05657,4017111.783700002
30.11.2015 17:00:00.000 GMT-0500,1.05654,1.10599,1.05240,1.08608,4609962.097300004
31.12.2015 17:00:00.000 GMT-0500,1.08750,1.09848,1.07108,1.08312,5737248.159399999
31.01.2016 17:00:00.000 GMT-0500,1.08342,1.13765,1.08149,1.08731,7347656.739600003
29.02.2016 17:00:00.000 GMT-0500,1.08729,1.14121,1.08223,1.13814,7219984.007699995
31.03.2016 16:00:00.000 GMT-0500,1.13821,1.14650,1.12184,1.14516,5253205.525500007
30.04.2016 16:00:00.000 GMT-0500,1.14633,1.16164,1.10980,1.11325,4840266.530000003
31.05.2016 16:00:00.000 GMT-0500,1.11325,1.14290,1.09118,1.11066,5232158.018700001
30.06.2016 16:00:00.000 GMT-0500,1.11066,1.11975,1.09521,1.11765,10666346.350900007
31.07.2016 16:00:00.000 GMT-0500,1.11774,1.13665,1.10460,1.11592,20344289.262800027
31.08.2016 16:00:00.000 GMT-0500,1.11592,1.13272,1.11233,1.12434,27004705.666400034
30.09.2016 16:00:00.000 GMT-0500,1.12328,1.12445,1.08512,1.09814,17826794.629900023
31.10.2016 16:00:00.000 GMT-0500,1.09818,1.12998,1.05183,1.05892,5895825.735799998
30.11.2016 17:00:00.000 GMT-0500,1.05890,1.08740,1.03524,1.05219,4516175.498199998
31.12.2016 17:00:00.000 GMT-0500,1.05236,1.08124,1.03405,1.07978,5184896.756100003
31.01.2017 17:00:00.000 GMT-0500,1.07979,1.08290,1.04939,1.05769,4641320.376600002
28.02.2017 17:00:00.000 GMT-0500,1.05774,1.09060,1.04950,1.06561,4760888.426600006
31.03.2017 16:00:00.000 GMT-0500,1.06666,1.09510,1.05700,1.08964,3313681.596700001
30.04.2017 16:00:00.000 GMT-0500,1.09150,1.12683,1.08393,1.12443,4173604.1119000027
31.05.2017 16:00:00.000 GMT-0500,1.12441,1.14457,1.11191,1.14272,4389006.616299998
30.06.2017 16:00:00.000 GMT-0500,1.14213,1.18460,1.13127,1.18425,4773840.696699999
31.07.2017 16:00:00.000 GMT-0500,1.18422,1.20705,1.16625,1.19102,5329673.9529
31.08.2017 16:00:00.000 GMT-0500,1.19102,1.20926,1.17173,1.18165,5561349.422399994
30.09.2017 16:00:00.000 GMT-0500,1.17944,1.18799,1.15744,1.16463,4493108.495500003
31.10.2017 16:00:00.000 GMT-0500,1.16459,1.19614,1.15542,1.19048,4299986.269700003
30.11.2017 17:00:00.000 GMT-0500,1.19044,1.20257,1.17178,1.20075,4066408.941000002
31.12.2017 17:00:00.000 GMT-0500,1.20143,1.25375,1.19158,1.24139,5759414.673100002
31.01.2018 17:00:00.000 GMT-0500,1.24139,1.25556,1.21881,1.21944,5984243.771099998
28.02.2018 17:00:00.000 GMT-0500,1.21942,1.24766,1.21548,1.23261,5628338.504199997
31.03.2018 16:00:00.000 GMT-0500,1.23267,1.24138,1.20557,1.20781,4919629.892399999
30.04.2018 16:00:00.000 GMT-0500,1.20783,1.20845,1.15102,1.16941,5965720.657099995
31.05.2018 16:00:00.000 GMT-0500,1.16941,1.18521,1.15085,1.16858,5494565.535100003
30.06.2018 16:00:00.000 GMT-0500,1.16804,1.17908,1.15751,1.16924,5518208.072300001
31.07.2018 16:00:00.000 GMT-0500,1.16918,1.17337,1.13012,1.16054,5507046.277300001
31.08.2018 16:00:00.000 GMT-0500,1.15989,1.18154,1.15262,1.16053,4507047.403400005
30.09.2018 16:00:00.000 GMT-0500,1.16207,1.16249,1.13024,1.13129,5643095.594500002
31.10.2018 16:00:00.000 GMT-0500,1.13128,1.14998,1.12158,1.13229,5605612.608500003
30.11.2018 17:00:00.000 GMT-0500,1.13541,1.14861,1.12701,1.14688,6291224.144700004
31.12.2018 17:00:00.000 GMT-0500,1.14696,1.15701,1.12897,1.14478,8783355.598399999
31.01.2019 17:00:00.000 GMT-0500,1.14478,1.14887,1.12343,1.13712,8001601.638299998
28.02.2019 17:00:00.000 GMT-0500,1.13712,1.14483,1.11765,1.12186,7578747.748600002
31.03.2019 16:00:00.000 GMT-0500,1.12331,1.13241,1.11116,1.12157,8085771.896400004
30.04.2019 16:00:00.000 GMT-0500,1.12157,1.12650,1.11072,1.11697,7552543.142499999
31.05.2019 16:00:00.000 GMT-0500,1.11683,1.14122,1.11603,1.13760,7130586.8039
30.06.2019 16:00:00.000 GMT-0500,1.13598,1.13713,1.10604,1.10761,6001998.730500002
31.07.2019 16:00:00.000 GMT-0500,1.10760,1.12498,1.09635,1.09936,6920210.556900009
31.08.2019 16:00:00.000 GMT-0500,1.09897,1.11097,1.08850,1.09008,3338673.315700003
30.09.2019 16:00:00.000 GMT-0500,1.09004,1.11795,1.08793,1.11531,3973610.256599999
31.10.2019 16:00:00.000 GMT-0500,1.11531,1.11756,1.09813,1.10213,2490361.2288000006
30.11.2019 17:00:00.000 GMT-0500,1.10247,1.12393,1.10031,1.12154,2761063.4058000026
31.12.2019 17:00:00.000 GMT-0500,1.12158,1.12247,1.09924,1.10952,3259062.876400001
31.01.2020 17:00:00.000 GMT-0500,1.10957,1.10957,1.07782,1.10289,4044528.779599996
29.02.2020 17:00:00.000 GMT-0500,1.10482,1.14961,1.06364,1.10351,6215419.821800002
31.03.2020 16:00:00.000 GMT-0500,1.10338,1.10396,1.07273,1.09560,5190378.536699999
30.04.2020 16:00:00.000 GMT-0500,1.09564,1.11452,1.07667,1.11071,4378544.910000001
31.05.2020 16:00:00.000 GMT-0500,1.11213,1.14227,1.11007,1.12341,5415737.611900002
30.06.2020 16:00:00.000 GMT-0500,1.12347,1.19091,1.11850,1.17839,6679157.154399997
31.07.2020 16:00:00.000 GMT-0500,1.17758,1.19663,1.16961,1.19375,9196929.914599998
31.08.2020 16:00:00.000 GMT-0500,1.19375,1.20116,1.16124,1.17215,15608686.768500019
30.09.2020 16:00:00.000 GMT-0500,1.17215,1.18809,1.16402,1.16515,12338762.220000008
31.10.2020 16:00:00.000 GMT-0500,1.16518,1.20034,1.16030,1.19284,10206807.3314
30.11.2020 17:00:00.000 GMT-0500,1.19290,1.23103,1.19268,1.22174,5721983.2595999995
31.12.2020 17:00:00.000 GMT-0500,1.22411,1.23495,1.20536,1.21387,3412024.3055000016
31.01.2021 17:00:00.000 GMT-0500,1.21322,1.22435,1.19525,1.20754,2752409.9742
28.02.2021 17:00:00.000 GMT-0500,1.20721,1.21134,1.17043,1.17313,3416263.3313000016
31.03.2021 16:00:00.000 GMT-0500,1.17311,1.21501,1.17129,1.20224,1947928.1848999998
30.04.2021 16:00:00.000 GMT-0500,1.20361,1.22666,1.19862,1.22284,1985068.5960999995
31.05.2021 16:00:00.000 GMT-0500,1.22292,1.22546,1.18452,1.18567,1962827.074799999
30.06.2021 16:00:00.000 GMT-0500,1.18567,1.19088,1.17521,1.18743,1895615.7744999996
31.07.2021 16:00:00.000 GMT-0500,1.18722,1.18999,1.16641,1.18102,1230622.4895000001
31.08.2021 16:00:00.000 GMT-0500,1.18105,1.19093,1.15627,1.15799,1674068.1736000003
30.09.2021 16:00:00.000 GMT-0500,1.15799,1.16924,1.15244,1.15621,1515682.1357000007
31.10.2021 16:00:00.000 GMT-0500,1.15616,1.16168,1.11863,1.13408,2071075.3029000007
30.11.2021 17:00:00.000 GMT-0500,1.13408,1.13867,1.12219,1.13751,1864918.032100001
31.12.2021 17:00:00.000 GMT-0500,1.13776,1.14830,1.11216,1.12352,1781516.7903000014
31.01.2022 17:00:00.000 GMT-0500,1.12373,1.14951,1.11065,1.12189,2195229.7424
28.02.2022 17:00:00.000 GMT-0500,1.12201,1.12333,1.08063,1.10683,4490749.280699998
31.03.2022 16:00:00.000 GMT-0500,1.10683,1.10765,1.04716,1.05480,3872563.8621000005
30.04.2022 16:00:00.000 GMT-0500,1.05641,1.07873,1.03497,1.07370,5418034.6895999955
31.05.2022 16:00:00.000 GMT-0500,1.07371,1.07743,1.03593,1.04849,4911598.633300004
30.06.2022 16:00:00.000 GMT-0500,1.04850,1.04864,0.99524,1.02277,5823487.276899997
31.07.2022 16:00:00.000 GMT-0500,1.02252,1.03689,0.99005,1.00559,9707031.719400004
31.08.2022 16:00:00.000 GMT-0500,1.00571,1.01982,0.95363,0.98026,11612148.609300012
30.09.2022 16:00:00.000 GMT-0500,0.98041,1.00940,0.96317,0.98853,12685177.778400013
31.10.2022 16:00:00.000 GMT-0500,0.98853,1.04972,0.97302,1.04083,11699590.793200001
30.11.2022 17:00:00.000 GMT-0500,1.04080,1.07363,1.03936,1.07110,9421764.284399997
31.12.2022 17:00:00.000 GMT-0500,1.07092,1.09298,1.04835,1.08653,7197360.821100003
31.01.2023 17:00:00.000 GMT-0500,1.08653,1.10336,1.05332,1.05784,7716806.579600003
28.02.2023 17:00:00.000 GMT-0500,1.05785,1.09300,1.05166,1.08461,9721751.26130001
31.03.2023 16:00:00.000 GMT-0500,1.08452,1.10957,1.07884,1.10179,6141888.073700005
30.04.2023 16:00:00.000 GMT-0500,1.10297,1.10919,1.06353,1.06903,7294499.114199999
31.05.2023 16:00:00.000 GMT-0500,1.06902,1.10124,1.06620,1.09144,6189614.222399997
30.06.2023 16:00:00.000 GMT-0500,1.09136,1.12758,1.08339,1.09978,6352710.772999994
31.07.2023 16:00:00.000 GMT-0500,1.09976,1.10653,1.07660,1.08440,6463350.769800001
31.08.2023 16:00:00.000 GMT-0500,1.08441,1.08821,1.04883,1.05736,5093173.426899995
30.09.2023 16:00:00.000 GMT-0500,1.05728,1.06946,1.04484,1.05771,6620486.0181000065
31.10.2023 16:00:00.000 GMT-0500,1.05771,1.10174,1.05171,1.08890,5663019.595300003
30.11.2023 17:00:00.000 GMT-0500,1.08890,1.11397,1.07240,1.10393,6222080.8399
31.12.2023 17:00:00.000 GMT-0500,1.10481,1.10491,1.07951,1.08192,6291800.179800002
31.01.2024 17:00:00.000 GMT-0500,1.08197,1.08978,1.06952,1.08060,4717134.4017
29.02.2024 17:00:00.000 GMT-0500,1.08059,1.09815,1.07686,1.07962,3676117.8441999992
31.03.2024 16:00:00.000 GMT-0500,1.07904,1.08852,1.06013,1.06661,4009438.2777
30.04.2024 16:00:00.000 GMT-0500,1.06666,1.08950,1.06496,1.08506,3019879.1187999966
31.05.2024 16:00:00.000 GMT-0500,1.08541,1.09161,1.06662,1.07166,3583485.750500003
30.06.2024 16:00:00.000 GMT-0500,1.07439,1.09482,1.07102,1.08262,4309178.743399994
31.07.2024 16:00:00.000 GMT-0500,1.08264,1.12018,1.07775,1.10494,5020125.348399998
31.08.2024 16:00:00.000 GMT-0500,1.10546,1.12142,1.10021,1.11351,5236954.335999998
30.09.2024 16:00:00.000 GMT-0500,1.11358,1.11442,1.07614,1.08839,5224387.9243999915
31.10.2024 16:00:00.000 GMT-0500,1.08843,1.09376,1.03327,1.05800,6691387.3402999975
30.11.2024 17:00:00.000 GMT-0500,1.05779,1.06300,1.03440,1.03615,3239679.651253163